{
  "src": [
    "wav/sprite.ogg",
    "wav/sprite.m4a",
    "wav/sprite.mp3",
    "wav/sprite.ac3"
  ],
  "sprite": {
    "silence": [
      0,
      1000,
      true
    ],
    "bonus": [
      2000,
      330.3401360544216
    ],
    "bullet_h": [
      4000,
      705.7142857142856
    ],
    "bullet_l1": [
      6000,
      350.385487528345
    ],
    "bullet_l2": [
      8000,
      185.03401360544203
    ],
    "bullet_l3": [
      10000,
      613.8321995464846
    ],
    "bullet_m": [
      12000,
      185.03401360544203
    ],
    "enemydestroyed_h1": [
      14000,
      840.0907029478457
    ],
    "enemydestroyed_h2": [
      16000,
      4056.6439909297073
    ],
    "enemydestroyed_l1": [
      22000,
      699.5464852607718
    ],
    "enemydestroyed_l2": [
      24000,
      469.9773242630379
    ],
    "enemydestroyed_l3": [
      26000,
      435.3287981859424
    ],
    "extend": [
      28000,
      1050.5668934240368
    ],
    "modechange": [
      31000,
      1270.7936507936495
    ],
    "playerdestroyed": [
      34000,
      1598.911564625851
    ],
    "playerhit": [
      37000,
      440.5668934240339
    ],
    "shot": [
      39000,
      108.4353741496571
    ],
    "warning1": [
      41000,
      1035.8276643990935
    ],
    "warning2": [
      44000,
      1044.897959183672
    ],
    "warning3": [
      47000,
      907.5736961451213
    ]
  }
}